,CLASS,DIVORCE,HAPPY,RELIG16
2,MIDDLE CLASS,NO,VERY HAPPY,CATHOLIC
3,MIDDLE CLASS,NO,VERY HAPPY,CATHOLIC
5,WORKING CLASS,NO,NOT TOO HAPPY,CATHOLIC
8,LOWER CLASS,NO,NOT TOO HAPPY,PROTESTANT
9,MIDDLE CLASS,NO,PRETTY HAPPY,PROTESTANT
13,WORKING CLASS,NO,VERY HAPPY,PROTESTANT
15,MIDDLE CLASS,NO,PRETTY HAPPY,CATHOLIC
16,WORKING CLASS,NO,NOT TOO HAPPY,CATHOLIC
17,MIDDLE CLASS,NO,VERY HAPPY,MOSLEM/ISLAM
20,MIDDLE CLASS,NO,VERY HAPPY,ORTHODOX-CHRISTIAN
22,MIDDLE CLASS,NO,PRETTY HAPPY,CATHOLIC
24,MIDDLE CLASS,NO,VERY HAPPY,PROTESTANT
25,MIDDLE CLASS,YES,VERY HAPPY,CATHOLIC
30,WORKING CLASS,NO,PRETTY HAPPY,CATHOLIC
31,MIDDLE CLASS,NO,NOT TOO HAPPY,CATHOLIC
32,MIDDLE CLASS,YES,PRETTY HAPPY,PROTESTANT
35,WORKING CLASS,YES,VERY HAPPY,JEWISH
36,MIDDLE CLASS,NO,PRETTY HAPPY,JEWISH
38,WORKING CLASS,YES,PRETTY HAPPY,PROTESTANT
42,LOWER CLASS,NO,VERY HAPPY,CATHOLIC
43,MIDDLE CLASS,NO,PRETTY HAPPY,OTHER
45,WORKING CLASS,YES,NOT TOO HAPPY,CATHOLIC
46,MIDDLE CLASS,NO,PRETTY HAPPY,CATHOLIC
47,UPPER CLASS,NO,PRETTY HAPPY,CATHOLIC
53,WORKING CLASS,NO,VERY HAPPY,HINDUISM
54,MIDDLE CLASS,NO,PRETTY HAPPY,NONE
56,MIDDLE CLASS,NO,PRETTY HAPPY,CATHOLIC
60,MIDDLE CLASS,NO,PRETTY HAPPY,PROTESTANT
61,LOWER CLASS,NO,NOT TOO HAPPY,PROTESTANT
63,MIDDLE CLASS,YES,PRETTY HAPPY,PROTESTANT
66,WORKING CLASS,NO,PRETTY HAPPY,PROTESTANT
69,LOWER CLASS,NO,VERY HAPPY,PROTESTANT
71,WORKING CLASS,NO,PRETTY HAPPY,PROTESTANT
72,WORKING CLASS,NO,VERY HAPPY,CATHOLIC
73,UPPER CLASS,NO,PRETTY HAPPY,CATHOLIC
76,MIDDLE CLASS,NO,VERY HAPPY,CATHOLIC
77,MIDDLE CLASS,YES,PRETTY HAPPY,CATHOLIC
80,MIDDLE CLASS,NO,PRETTY HAPPY,PROTESTANT
81,WORKING CLASS,NO,PRETTY HAPPY,CHRISTIAN
83,WORKING CLASS,NO,VERY HAPPY,CATHOLIC
87,MIDDLE CLASS,NO,PRETTY HAPPY,NONE
88,MIDDLE CLASS,YES,PRETTY HAPPY,CATHOLIC
91,MIDDLE CLASS,YES,NOT TOO HAPPY,PROTESTANT
93,MIDDLE CLASS,NO,NOT TOO HAPPY,PROTESTANT
96,MIDDLE CLASS,YES,PRETTY HAPPY,PROTESTANT
98,MIDDLE CLASS,NO,PRETTY HAPPY,MOSLEM/ISLAM
99,WORKING CLASS,NO,VERY HAPPY,ORTHODOX-CHRISTIAN
102,MIDDLE CLASS,NO,PRETTY HAPPY,CATHOLIC
103,MIDDLE CLASS,NO,VERY HAPPY,CATHOLIC
108,WORKING CLASS,NO,VERY HAPPY,CATHOLIC
109,MIDDLE CLASS,NO,NOT TOO HAPPY,CATHOLIC
111,MIDDLE CLASS,YES,VERY HAPPY,CATHOLIC
114,MIDDLE CLASS,YES,PRETTY HAPPY,PROTESTANT
115,MIDDLE CLASS,NO,VERY HAPPY,CATHOLIC
116,WORKING CLASS,NO,PRETTY HAPPY,PROTESTANT
117,WORKING CLASS,NO,PRETTY HAPPY,PROTESTANT
118,WORKING CLASS,YES,VERY HAPPY,CATHOLIC
120,MIDDLE CLASS,NO,PRETTY HAPPY,CATHOLIC
121,WORKING CLASS,NO,PRETTY HAPPY,CATHOLIC
122,MIDDLE CLASS,YES,PRETTY HAPPY,PROTESTANT
123,MIDDLE CLASS,NO,PRETTY HAPPY,PROTESTANT
126,WORKING CLASS,YES,PRETTY HAPPY,JEWISH
128,MIDDLE CLASS,NO,PRETTY HAPPY,CATHOLIC
130,WORKING CLASS,NO,VERY HAPPY,CATHOLIC
131,MIDDLE CLASS,NO,VERY HAPPY,MOSLEM/ISLAM
132,MIDDLE CLASS,NO,PRETTY HAPPY,NONE
133,MIDDLE CLASS,NO,PRETTY HAPPY,PROTESTANT
134,MIDDLE CLASS,YES,PRETTY HAPPY,PROTESTANT
137,WORKING CLASS,NO,NOT TOO HAPPY,NONE
138,WORKING CLASS,NO,VERY HAPPY,CATHOLIC
141,WORKING CLASS,NO,PRETTY HAPPY,NONE
155,WORKING CLASS,YES,PRETTY HAPPY,CATHOLIC
158,LOWER CLASS,NO,VERY HAPPY,CATHOLIC
162,WORKING CLASS,NO,PRETTY HAPPY,CATHOLIC
163,WORKING CLASS,NO,NOT TOO HAPPY,CATHOLIC
164,WORKING CLASS,NO,PRETTY HAPPY,CATHOLIC
169,WORKING CLASS,NO,PRETTY HAPPY,CATHOLIC
171,WORKING CLASS,NO,VERY HAPPY,CATHOLIC
174,MIDDLE CLASS,NO,VERY HAPPY,JEWISH
175,MIDDLE CLASS,NO,PRETTY HAPPY,NONE
176,UPPER CLASS,NO,VERY HAPPY,JEWISH
187,WORKING CLASS,NO,PRETTY HAPPY,CATHOLIC
191,WORKING CLASS,YES,NOT TOO HAPPY,PROTESTANT
193,MIDDLE CLASS,NO,PRETTY HAPPY,PROTESTANT
194,LOWER CLASS,YES,PRETTY HAPPY,CATHOLIC
197,WORKING CLASS,NO,PRETTY HAPPY,CATHOLIC
198,MIDDLE CLASS,NO,VERY HAPPY,NONE
199,MIDDLE CLASS,NO,PRETTY HAPPY,NONE
202,MIDDLE CLASS,NO,VERY HAPPY,JEWISH
203,MIDDLE CLASS,NO,PRETTY HAPPY,PROTESTANT
204,WORKING CLASS,NO,VERY HAPPY,NONE
205,MIDDLE CLASS,NO,NOT TOO HAPPY,CATHOLIC
206,WORKING CLASS,YES,PRETTY HAPPY,CATHOLIC
207,MIDDLE CLASS,NO,PRETTY HAPPY,CATHOLIC
208,MIDDLE CLASS,NO,NOT TOO HAPPY,CATHOLIC
211,MIDDLE CLASS,NO,VERY HAPPY,CATHOLIC
214,LOWER CLASS,YES,PRETTY HAPPY,PROTESTANT
215,WORKING CLASS,NO,PRETTY HAPPY,CATHOLIC
216,WORKING CLASS,NO,NOT TOO HAPPY,CATHOLIC
217,MIDDLE CLASS,NO,NOT TOO HAPPY,PROTESTANT
219,WORKING CLASS,NO,VERY HAPPY,CATHOLIC
220,MIDDLE CLASS,NO,PRETTY HAPPY,CATHOLIC
221,MIDDLE CLASS,NO,PRETTY HAPPY,CATHOLIC
222,MIDDLE CLASS,YES,VERY HAPPY,CATHOLIC
226,MIDDLE CLASS,NO,VERY HAPPY,CATHOLIC
232,MIDDLE CLASS,NO,VERY HAPPY,CATHOLIC
233,WORKING CLASS,NO,VERY HAPPY,PROTESTANT
234,WORKING CLASS,NO,PRETTY HAPPY,PROTESTANT
235,UPPER CLASS,YES,PRETTY HAPPY,PROTESTANT
236,MIDDLE CLASS,YES,VERY HAPPY,CATHOLIC
237,MIDDLE CLASS,YES,NOT TOO HAPPY,CHRISTIAN
238,MIDDLE CLASS,YES,PRETTY HAPPY,PROTESTANT
239,MIDDLE CLASS,NO,PRETTY HAPPY,CATHOLIC
240,WORKING CLASS,YES,VERY HAPPY,PROTESTANT
242,WORKING CLASS,NO,PRETTY HAPPY,CATHOLIC
243,WORKING CLASS,NO,PRETTY HAPPY,CATHOLIC
247,WORKING CLASS,NO,PRETTY HAPPY,PROTESTANT
249,UPPER CLASS,NO,VERY HAPPY,JEWISH
251,MIDDLE CLASS,NO,VERY HAPPY,JEWISH
258,WORKING CLASS,NO,PRETTY HAPPY,CATHOLIC
259,WORKING CLASS,NO,PRETTY HAPPY,CATHOLIC
260,MIDDLE CLASS,NO,VERY HAPPY,CATHOLIC
262,MIDDLE CLASS,YES,VERY HAPPY,CATHOLIC
263,MIDDLE CLASS,NO,PRETTY HAPPY,NONE
264,MIDDLE CLASS,NO,PRETTY HAPPY,CATHOLIC
271,WORKING CLASS,NO,PRETTY HAPPY,CATHOLIC
275,UPPER CLASS,NO,PRETTY HAPPY,CATHOLIC
276,MIDDLE CLASS,NO,VERY HAPPY,CATHOLIC
278,MIDDLE CLASS,NO,VERY HAPPY,CATHOLIC
279,MIDDLE CLASS,NO,VERY HAPPY,PROTESTANT
281,MIDDLE CLASS,NO,VERY HAPPY,JEWISH
282,MIDDLE CLASS,NO,PRETTY HAPPY,CATHOLIC
283,MIDDLE CLASS,YES,PRETTY HAPPY,PROTESTANT
285,MIDDLE CLASS,YES,PRETTY HAPPY,PROTESTANT
289,MIDDLE CLASS,NO,PRETTY HAPPY,CATHOLIC
291,MIDDLE CLASS,NO,VERY HAPPY,CATHOLIC
295,MIDDLE CLASS,YES,PRETTY HAPPY,CATHOLIC
300,MIDDLE CLASS,NO,VERY HAPPY,PROTESTANT
301,MIDDLE CLASS,NO,PRETTY HAPPY,PROTESTANT
302,MIDDLE CLASS,NO,VERY HAPPY,PROTESTANT
304,WORKING CLASS,NO,PRETTY HAPPY,PROTESTANT
309,MIDDLE CLASS,NO,VERY HAPPY,PROTESTANT
312,MIDDLE CLASS,NO,VERY HAPPY,CATHOLIC
313,MIDDLE CLASS,NO,VERY HAPPY,CATHOLIC
316,MIDDLE CLASS,NO,VERY HAPPY,JEWISH
317,MIDDLE CLASS,NO,NOT TOO HAPPY,PROTESTANT
318,MIDDLE CLASS,NO,PRETTY HAPPY,JEWISH
319,WORKING CLASS,NO,VERY HAPPY,PROTESTANT
320,MIDDLE CLASS,NO,PRETTY HAPPY,CATHOLIC
321,WORKING CLASS,YES,VERY HAPPY,PROTESTANT
322,MIDDLE CLASS,NO,VERY HAPPY,PROTESTANT
324,MIDDLE CLASS,NO,PRETTY HAPPY,CATHOLIC
325,WORKING CLASS,NO,NOT TOO HAPPY,CATHOLIC
327,MIDDLE CLASS,NO,PRETTY HAPPY,PROTESTANT
331,MIDDLE CLASS,YES,PRETTY HAPPY,CATHOLIC
334,MIDDLE CLASS,NO,VERY HAPPY,PROTESTANT
335,MIDDLE CLASS,NO,PRETTY HAPPY,PROTESTANT
337,UPPER CLASS,YES,VERY HAPPY,JEWISH
338,UPPER CLASS,NO,PRETTY HAPPY,NONE
340,MIDDLE CLASS,YES,PRETTY HAPPY,CATHOLIC
341,MIDDLE CLASS,NO,PRETTY HAPPY,NONE
342,UPPER CLASS,NO,VERY HAPPY,PROTESTANT
343,UPPER CLASS,NO,VERY HAPPY,PROTESTANT
344,WORKING CLASS,NO,VERY HAPPY,CATHOLIC
347,WORKING CLASS,YES,PRETTY HAPPY,PROTESTANT
349,LOWER CLASS,NO,PRETTY HAPPY,PROTESTANT
350,WORKING CLASS,YES,VERY HAPPY,PROTESTANT
351,WORKING CLASS,NO,PRETTY HAPPY,PROTESTANT
352,UPPER CLASS,NO,PRETTY HAPPY,PROTESTANT
353,MIDDLE CLASS,NO,PRETTY HAPPY,NONE
354,MIDDLE CLASS,NO,VERY HAPPY,PROTESTANT
355,WORKING CLASS,NO,VERY HAPPY,CATHOLIC
357,WORKING CLASS,NO,VERY HAPPY,PROTESTANT
360,MIDDLE CLASS,YES,PRETTY HAPPY,CATHOLIC
361,MIDDLE CLASS,YES,VERY HAPPY,PROTESTANT
362,WORKING CLASS,NO,PRETTY HAPPY,PROTESTANT
368,UPPER CLASS,NO,PRETTY HAPPY,PROTESTANT
369,UPPER CLASS,NO,VERY HAPPY,PROTESTANT
371,UPPER CLASS,NO,PRETTY HAPPY,CATHOLIC
373,WORKING CLASS,NO,VERY HAPPY,CATHOLIC
375,MIDDLE CLASS,NO,PRETTY HAPPY,CATHOLIC
377,MIDDLE CLASS,NO,PRETTY HAPPY,CATHOLIC
378,UPPER CLASS,NO,PRETTY HAPPY,PROTESTANT
379,MIDDLE CLASS,NO,PRETTY HAPPY,PROTESTANT
380,WORKING CLASS,NO,PRETTY HAPPY,PROTESTANT
381,MIDDLE CLASS,NO,PRETTY HAPPY,CATHOLIC
382,MIDDLE CLASS,YES,VERY HAPPY,PROTESTANT
383,MIDDLE CLASS,NO,NOT TOO HAPPY,HINDUISM
384,MIDDLE CLASS,NO,PRETTY HAPPY,CATHOLIC
388,MIDDLE CLASS,NO,PRETTY HAPPY,CATHOLIC
389,MIDDLE CLASS,NO,VERY HAPPY,PROTESTANT
394,MIDDLE CLASS,NO,NOT TOO HAPPY,PROTESTANT
395,UPPER CLASS,NO,VERY HAPPY,CATHOLIC
397,MIDDLE CLASS,NO,NOT TOO HAPPY,CATHOLIC
399,MIDDLE CLASS,NO,VERY HAPPY,CATHOLIC
403,WORKING CLASS,NO,PRETTY HAPPY,PROTESTANT
405,MIDDLE CLASS,YES,PRETTY HAPPY,CATHOLIC
407,WORKING CLASS,NO,VERY HAPPY,CATHOLIC
409,WORKING CLASS,YES,VERY HAPPY,CATHOLIC
410,MIDDLE CLASS,NO,VERY HAPPY,CATHOLIC
412,WORKING CLASS,NO,PRETTY HAPPY,CATHOLIC
413,UPPER CLASS,NO,PRETTY HAPPY,PROTESTANT
415,UPPER CLASS,NO,VERY HAPPY,NONE
418,WORKING CLASS,YES,PRETTY HAPPY,CATHOLIC
420,WORKING CLASS,NO,PRETTY HAPPY,PROTESTANT
421,MIDDLE CLASS,NO,PRETTY HAPPY,CATHOLIC
424,WORKING CLASS,YES,VERY HAPPY,CATHOLIC
425,MIDDLE CLASS,YES,VERY HAPPY,CATHOLIC
426,UPPER CLASS,NO,PRETTY HAPPY,PROTESTANT
427,UPPER CLASS,NO,PRETTY HAPPY,NONE
429,MIDDLE CLASS,NO,VERY HAPPY,CATHOLIC
431,MIDDLE CLASS,NO,VERY HAPPY,PROTESTANT
432,MIDDLE CLASS,NO,VERY HAPPY,PROTESTANT
434,WORKING CLASS,NO,PRETTY HAPPY,CATHOLIC
435,WORKING CLASS,NO,VERY HAPPY,CATHOLIC
436,MIDDLE CLASS,NO,PRETTY HAPPY,PROTESTANT
437,MIDDLE CLASS,NO,VERY HAPPY,PROTESTANT
438,UPPER CLASS,YES,VERY HAPPY,CATHOLIC
440,WORKING CLASS,NO,VERY HAPPY,HINDUISM
441,WORKING CLASS,NO,PRETTY HAPPY,CATHOLIC
443,WORKING CLASS,NO,VERY HAPPY,NONE
444,WORKING CLASS,NO,PRETTY HAPPY,CATHOLIC
448,MIDDLE CLASS,NO,PRETTY HAPPY,PROTESTANT
451,LOWER CLASS,NO,PRETTY HAPPY,NONE
452,MIDDLE CLASS,YES,VERY HAPPY,CATHOLIC
457,WORKING CLASS,NO,VERY HAPPY,NONE
458,WORKING CLASS,NO,PRETTY HAPPY,PROTESTANT
459,WORKING CLASS,NO,PRETTY HAPPY,PROTESTANT
460,MIDDLE CLASS,NO,PRETTY HAPPY,NONE
462,MIDDLE CLASS,NO,PRETTY HAPPY,CATHOLIC
464,UPPER CLASS,NO,VERY HAPPY,PROTESTANT
466,WORKING CLASS,NO,PRETTY HAPPY,CATHOLIC
467,WORKING CLASS,NO,PRETTY HAPPY,PROTESTANT
468,UPPER CLASS,NO,PRETTY HAPPY,CATHOLIC
472,MIDDLE CLASS,NO,PRETTY HAPPY,PROTESTANT
473,MIDDLE CLASS,NO,PRETTY HAPPY,CATHOLIC
475,MIDDLE CLASS,NO,VERY HAPPY,PROTESTANT
476,WORKING CLASS,NO,PRETTY HAPPY,PROTESTANT
477,MIDDLE CLASS,NO,NOT TOO HAPPY,MOSLEM/ISLAM
478,MIDDLE CLASS,NO,NOT TOO HAPPY,PROTESTANT
481,WORKING CLASS,NO,PRETTY HAPPY,PROTESTANT
482,MIDDLE CLASS,NO,VERY HAPPY,PROTESTANT
484,WORKING CLASS,NO,VERY HAPPY,PROTESTANT
487,MIDDLE CLASS,YES,PRETTY HAPPY,PROTESTANT
488,MIDDLE CLASS,NO,VERY HAPPY,CATHOLIC
490,MIDDLE CLASS,NO,VERY HAPPY,PROTESTANT
491,UPPER CLASS,NO,VERY HAPPY,PROTESTANT
493,MIDDLE CLASS,YES,VERY HAPPY,PROTESTANT
498,UPPER CLASS,YES,VERY HAPPY,CATHOLIC
499,MIDDLE CLASS,YES,NOT TOO HAPPY,PROTESTANT
500,MIDDLE CLASS,NO,PRETTY HAPPY,ORTHODOX-CHRISTIAN
501,MIDDLE CLASS,NO,VERY HAPPY,CATHOLIC
502,MIDDLE CLASS,NO,VERY HAPPY,PROTESTANT
503,WORKING CLASS,NO,VERY HAPPY,NONE
504,MIDDLE CLASS,NO,PRETTY HAPPY,CATHOLIC
505,MIDDLE CLASS,NO,PRETTY HAPPY,CATHOLIC
506,MIDDLE CLASS,NO,VERY HAPPY,PROTESTANT
507,WORKING CLASS,NO,VERY HAPPY,MOSLEM/ISLAM
508,MIDDLE CLASS,YES,PRETTY HAPPY,ORTHODOX-CHRISTIAN
509,MIDDLE CLASS,NO,PRETTY HAPPY,PROTESTANT
510,MIDDLE CLASS,NO,NOT TOO HAPPY,BUDDHISM
511,UPPER CLASS,YES,VERY HAPPY,PROTESTANT
512,MIDDLE CLASS,NO,PRETTY HAPPY,MOSLEM/ISLAM
513,MIDDLE CLASS,NO,PRETTY HAPPY,JEWISH
514,MIDDLE CLASS,NO,PRETTY HAPPY,PROTESTANT
515,UPPER CLASS,YES,PRETTY HAPPY,PROTESTANT
516,MIDDLE CLASS,NO,VERY HAPPY,PROTESTANT
517,MIDDLE CLASS,NO,VERY HAPPY,PROTESTANT
518,UPPER CLASS,YES,PRETTY HAPPY,PROTESTANT
519,MIDDLE CLASS,NO,PRETTY HAPPY,PROTESTANT
520,WORKING CLASS,YES,PRETTY HAPPY,PROTESTANT
521,WORKING CLASS,NO,VERY HAPPY,PROTESTANT
522,MIDDLE CLASS,YES,VERY HAPPY,PROTESTANT
524,MIDDLE CLASS,NO,PRETTY HAPPY,NONE
526,WORKING CLASS,YES,VERY HAPPY,NONE
527,LOWER CLASS,NO,PRETTY HAPPY,PROTESTANT
528,MIDDLE CLASS,NO,PRETTY HAPPY,NONE
533,MIDDLE CLASS,NO,VERY HAPPY,PROTESTANT
534,MIDDLE CLASS,YES,VERY HAPPY,PROTESTANT
535,WORKING CLASS,NO,VERY HAPPY,NONE
536,WORKING CLASS,NO,NOT TOO HAPPY,CATHOLIC
537,MIDDLE CLASS,NO,PRETTY HAPPY,PROTESTANT
538,WORKING CLASS,NO,PRETTY HAPPY,PROTESTANT
539,WORKING CLASS,NO,PRETTY HAPPY,CATHOLIC
541,MIDDLE CLASS,YES,PRETTY HAPPY,PROTESTANT
543,WORKING CLASS,YES,PRETTY HAPPY,CATHOLIC
545,MIDDLE CLASS,NO,PRETTY HAPPY,PROTESTANT
546,WORKING CLASS,YES,VERY HAPPY,PROTESTANT
548,MIDDLE CLASS,NO,PRETTY HAPPY,PROTESTANT
550,MIDDLE CLASS,NO,VERY HAPPY,CATHOLIC
552,MIDDLE CLASS,NO,PRETTY HAPPY,CATHOLIC
554,MIDDLE CLASS,NO,VERY HAPPY,CATHOLIC
555,MIDDLE CLASS,YES,VERY HAPPY,CATHOLIC
556,MIDDLE CLASS,NO,VERY HAPPY,CATHOLIC
557,WORKING CLASS,NO,PRETTY HAPPY,PROTESTANT
558,MIDDLE CLASS,NO,PRETTY HAPPY,CATHOLIC
560,MIDDLE CLASS,NO,PRETTY HAPPY,PROTESTANT
561,MIDDLE CLASS,YES,VERY HAPPY,CATHOLIC
563,WORKING CLASS,NO,VERY HAPPY,HINDUISM
565,MIDDLE CLASS,NO,PRETTY HAPPY,PROTESTANT
566,WORKING CLASS,NO,PRETTY HAPPY,CATHOLIC
568,MIDDLE CLASS,NO,VERY HAPPY,CATHOLIC
572,MIDDLE CLASS,NO,NOT TOO HAPPY,PROTESTANT
584,WORKING CLASS,NO,PRETTY HAPPY,NONE
586,WORKING CLASS,NO,VERY HAPPY,CATHOLIC
587,MIDDLE CLASS,NO,VERY HAPPY,PROTESTANT
589,WORKING CLASS,NO,VERY HAPPY,PROTESTANT
593,WORKING CLASS,NO,PRETTY HAPPY,PROTESTANT
594,MIDDLE CLASS,YES,NOT TOO HAPPY,PROTESTANT
595,MIDDLE CLASS,YES,VERY HAPPY,PROTESTANT
597,WORKING CLASS,YES,VERY HAPPY,PROTESTANT
598,WORKING CLASS,YES,PRETTY HAPPY,PROTESTANT
600,LOWER CLASS,NO,PRETTY HAPPY,PROTESTANT
601,MIDDLE CLASS,NO,VERY HAPPY,PROTESTANT
602,MIDDLE CLASS,NO,PRETTY HAPPY,PROTESTANT
606,WORKING CLASS,NO,VERY HAPPY,CATHOLIC
607,WORKING CLASS,YES,VERY HAPPY,PROTESTANT
608,WORKING CLASS,NO,PRETTY HAPPY,PROTESTANT
610,LOWER CLASS,NO,NOT TOO HAPPY,CATHOLIC
613,WORKING CLASS,NO,VERY HAPPY,CATHOLIC
615,LOWER CLASS,NO,PRETTY HAPPY,CATHOLIC
617,MIDDLE CLASS,NO,VERY HAPPY,CATHOLIC
618,WORKING CLASS,NO,PRETTY HAPPY,MOSLEM/ISLAM
619,WORKING CLASS,NO,PRETTY HAPPY,PROTESTANT
620,UPPER CLASS,YES,PRETTY HAPPY,PROTESTANT
623,LOWER CLASS,NO,VERY HAPPY,PROTESTANT
624,MIDDLE CLASS,NO,PRETTY HAPPY,PROTESTANT
626,MIDDLE CLASS,NO,PRETTY HAPPY,CATHOLIC
636,WORKING CLASS,NO,PRETTY HAPPY,CATHOLIC
637,LOWER CLASS,NO,VERY HAPPY,PROTESTANT
639,WORKING CLASS,YES,PRETTY HAPPY,PROTESTANT
640,MIDDLE CLASS,NO,VERY HAPPY,PROTESTANT
642,MIDDLE CLASS,NO,VERY HAPPY,PROTESTANT
643,WORKING CLASS,YES,VERY HAPPY,CATHOLIC
646,WORKING CLASS,NO,VERY HAPPY,PROTESTANT
647,WORKING CLASS,NO,PRETTY HAPPY,PROTESTANT
655,MIDDLE CLASS,NO,VERY HAPPY,JEWISH
656,WORKING CLASS,NO,PRETTY HAPPY,PROTESTANT
657,MIDDLE CLASS,NO,VERY HAPPY,PROTESTANT
662,WORKING CLASS,YES,PRETTY HAPPY,CATHOLIC
663,WORKING CLASS,NO,PRETTY HAPPY,CATHOLIC
664,MIDDLE CLASS,YES,VERY HAPPY,PROTESTANT
665,WORKING CLASS,YES,PRETTY HAPPY,PROTESTANT
668,MIDDLE CLASS,YES,PRETTY HAPPY,CATHOLIC
670,WORKING CLASS,NO,VERY HAPPY,PROTESTANT
671,UPPER CLASS,NO,VERY HAPPY,PROTESTANT
674,WORKING CLASS,NO,VERY HAPPY,PROTESTANT
677,MIDDLE CLASS,YES,VERY HAPPY,PROTESTANT
678,LOWER CLASS,NO,NOT TOO HAPPY,PROTESTANT
680,MIDDLE CLASS,NO,PRETTY HAPPY,PROTESTANT
681,MIDDLE CLASS,NO,VERY HAPPY,PROTESTANT
682,MIDDLE CLASS,NO,PRETTY HAPPY,MOSLEM/ISLAM
683,WORKING CLASS,NO,PRETTY HAPPY,CATHOLIC
684,MIDDLE CLASS,NO,PRETTY HAPPY,CATHOLIC
686,WORKING CLASS,NO,NOT TOO HAPPY,CATHOLIC
687,WORKING CLASS,NO,PRETTY HAPPY,PROTESTANT
689,MIDDLE CLASS,NO,VERY HAPPY,PROTESTANT
690,LOWER CLASS,NO,PRETTY HAPPY,PROTESTANT
693,MIDDLE CLASS,NO,PRETTY HAPPY,PROTESTANT
694,LOWER CLASS,NO,VERY HAPPY,NONE
699,MIDDLE CLASS,NO,NOT TOO HAPPY,PROTESTANT
700,WORKING CLASS,NO,VERY HAPPY,CATHOLIC
704,MIDDLE CLASS,NO,PRETTY HAPPY,CATHOLIC
706,UPPER CLASS,YES,VERY HAPPY,JEWISH
709,MIDDLE CLASS,YES,PRETTY HAPPY,JEWISH
714,MIDDLE CLASS,NO,NOT TOO HAPPY,CATHOLIC
715,MIDDLE CLASS,NO,VERY HAPPY,CATHOLIC
717,MIDDLE CLASS,NO,PRETTY HAPPY,CATHOLIC
718,MIDDLE CLASS,NO,VERY HAPPY,PROTESTANT
719,MIDDLE CLASS,NO,VERY HAPPY,PROTESTANT
722,MIDDLE CLASS,NO,VERY HAPPY,CATHOLIC
725,WORKING CLASS,NO,VERY HAPPY,PROTESTANT
730,MIDDLE CLASS,NO,VERY HAPPY,PROTESTANT
732,MIDDLE CLASS,NO,VERY HAPPY,NONE
733,MIDDLE CLASS,YES,PRETTY HAPPY,PROTESTANT
735,WORKING CLASS,NO,VERY HAPPY,CATHOLIC
736,MIDDLE CLASS,YES,PRETTY HAPPY,PROTESTANT
738,MIDDLE CLASS,NO,VERY HAPPY,PROTESTANT
740,WORKING CLASS,NO,VERY HAPPY,CATHOLIC
742,MIDDLE CLASS,YES,PRETTY HAPPY,PROTESTANT
743,WORKING CLASS,NO,NOT TOO HAPPY,CATHOLIC
745,MIDDLE CLASS,NO,PRETTY HAPPY,PROTESTANT
746,WORKING CLASS,NO,PRETTY HAPPY,PROTESTANT
750,MIDDLE CLASS,NO,PRETTY HAPPY,CATHOLIC
756,WORKING CLASS,NO,VERY HAPPY,CATHOLIC
757,WORKING CLASS,NO,VERY HAPPY,NONE
758,MIDDLE CLASS,NO,VERY HAPPY,PROTESTANT
759,WORKING CLASS,NO,VERY HAPPY,CATHOLIC
760,UPPER CLASS,YES,VERY HAPPY,CATHOLIC
761,MIDDLE CLASS,NO,VERY HAPPY,PROTESTANT
763,MIDDLE CLASS,NO,PRETTY HAPPY,BUDDHISM
764,MIDDLE CLASS,NO,VERY HAPPY,CATHOLIC
766,MIDDLE CLASS,NO,PRETTY HAPPY,CATHOLIC
773,WORKING CLASS,NO,VERY HAPPY,CATHOLIC
774,WORKING CLASS,NO,PRETTY HAPPY,NONE
776,MIDDLE CLASS,YES,VERY HAPPY,PROTESTANT
778,MIDDLE CLASS,NO,PRETTY HAPPY,NONE
780,WORKING CLASS,NO,VERY HAPPY,CATHOLIC
781,MIDDLE CLASS,YES,VERY HAPPY,PROTESTANT
782,WORKING CLASS,NO,VERY HAPPY,PROTESTANT
785,WORKING CLASS,YES,VERY HAPPY,NONE
786,WORKING CLASS,NO,VERY HAPPY,NONE
788,MIDDLE CLASS,NO,PRETTY HAPPY,NONE
791,MIDDLE CLASS,YES,VERY HAPPY,PROTESTANT
793,WORKING CLASS,NO,PRETTY HAPPY,CATHOLIC
794,WORKING CLASS,NO,NOT TOO HAPPY,PROTESTANT
795,WORKING CLASS,NO,NOT TOO HAPPY,PROTESTANT
797,WORKING CLASS,NO,PRETTY HAPPY,CATHOLIC
798,WORKING CLASS,NO,VERY HAPPY,CATHOLIC
800,LOWER CLASS,YES,VERY HAPPY,CATHOLIC
801,MIDDLE CLASS,NO,VERY HAPPY,PROTESTANT
803,MIDDLE CLASS,NO,PRETTY HAPPY,PROTESTANT
804,WORKING CLASS,YES,PRETTY HAPPY,CATHOLIC
805,LOWER CLASS,NO,NOT TOO HAPPY,PROTESTANT
806,MIDDLE CLASS,NO,VERY HAPPY,CATHOLIC
807,WORKING CLASS,NO,PRETTY HAPPY,CATHOLIC
812,LOWER CLASS,NO,PRETTY HAPPY,PROTESTANT
813,WORKING CLASS,NO,VERY HAPPY,OTHER
821,MIDDLE CLASS,NO,VERY HAPPY,PROTESTANT
823,LOWER CLASS,YES,PRETTY HAPPY,CATHOLIC
824,MIDDLE CLASS,NO,PRETTY HAPPY,NONE
827,UPPER CLASS,YES,NOT TOO HAPPY,CATHOLIC
829,MIDDLE CLASS,NO,PRETTY HAPPY,CATHOLIC
830,MIDDLE CLASS,YES,VERY HAPPY,PROTESTANT
833,MIDDLE CLASS,YES,PRETTY HAPPY,PROTESTANT
835,MIDDLE CLASS,YES,VERY HAPPY,PROTESTANT
836,WORKING CLASS,YES,PRETTY HAPPY,PROTESTANT
837,MIDDLE CLASS,NO,PRETTY HAPPY,CATHOLIC
839,MIDDLE CLASS,NO,PRETTY HAPPY,CATHOLIC
840,WORKING CLASS,NO,VERY HAPPY,CATHOLIC
844,MIDDLE CLASS,NO,VERY HAPPY,PROTESTANT
846,WORKING CLASS,YES,VERY HAPPY,PROTESTANT
847,WORKING CLASS,NO,VERY HAPPY,CATHOLIC
849,WORKING CLASS,NO,PRETTY HAPPY,CATHOLIC
850,WORKING CLASS,NO,VERY HAPPY,PROTESTANT
852,MIDDLE CLASS,YES,PRETTY HAPPY,PROTESTANT
855,MIDDLE CLASS,NO,VERY HAPPY,OTHER
856,WORKING CLASS,NO,NOT TOO HAPPY,PROTESTANT
857,UPPER CLASS,NO,PRETTY HAPPY,PROTESTANT
858,MIDDLE CLASS,YES,VERY HAPPY,PROTESTANT
861,MIDDLE CLASS,NO,PRETTY HAPPY,PROTESTANT
862,WORKING CLASS,NO,PRETTY HAPPY,PROTESTANT
864,WORKING CLASS,YES,VERY HAPPY,PROTESTANT
865,WORKING CLASS,NO,PRETTY HAPPY,CATHOLIC
867,MIDDLE CLASS,NO,VERY HAPPY,PROTESTANT
869,WORKING CLASS,NO,PRETTY HAPPY,NONE
871,MIDDLE CLASS,NO,PRETTY HAPPY,PROTESTANT
872,MIDDLE CLASS,NO,VERY HAPPY,PROTESTANT
873,MIDDLE CLASS,NO,VERY HAPPY,CATHOLIC
874,UPPER CLASS,NO,VERY HAPPY,CATHOLIC
876,MIDDLE CLASS,YES,PRETTY HAPPY,CATHOLIC
877,MIDDLE CLASS,YES,VERY HAPPY,CATHOLIC
879,MIDDLE CLASS,NO,VERY HAPPY,CATHOLIC
880,MIDDLE CLASS,NO,PRETTY HAPPY,PROTESTANT
881,MIDDLE CLASS,NO,PRETTY HAPPY,CATHOLIC
883,MIDDLE CLASS,NO,PRETTY HAPPY,PROTESTANT
884,WORKING CLASS,NO,PRETTY HAPPY,CATHOLIC
885,WORKING CLASS,NO,PRETTY HAPPY,NONE
887,MIDDLE CLASS,NO,PRETTY HAPPY,PROTESTANT
888,WORKING CLASS,NO,PRETTY HAPPY,PROTESTANT
889,WORKING CLASS,NO,PRETTY HAPPY,PROTESTANT
892,WORKING CLASS,YES,NOT TOO HAPPY,CATHOLIC
897,MIDDLE CLASS,YES,VERY HAPPY,PROTESTANT
898,WORKING CLASS,NO,NOT TOO HAPPY,CATHOLIC
900,LOWER CLASS,NO,VERY HAPPY,CATHOLIC
911,MIDDLE CLASS,YES,PRETTY HAPPY,CATHOLIC
912,WORKING CLASS,NO,PRETTY HAPPY,NONE
915,WORKING CLASS,NO,PRETTY HAPPY,NONE
917,WORKING CLASS,YES,PRETTY HAPPY,PROTESTANT
919,WORKING CLASS,YES,NOT TOO HAPPY,CATHOLIC
920,MIDDLE CLASS,YES,VERY HAPPY,NONE
923,MIDDLE CLASS,NO,PRETTY HAPPY,PROTESTANT
924,MIDDLE CLASS,NO,PRETTY HAPPY,PROTESTANT
925,WORKING CLASS,NO,PRETTY HAPPY,PROTESTANT
926,WORKING CLASS,NO,NOT TOO HAPPY,PROTESTANT
927,WORKING CLASS,YES,PRETTY HAPPY,PROTESTANT
928,WORKING CLASS,YES,VERY HAPPY,PROTESTANT
930,MIDDLE CLASS,NO,PRETTY HAPPY,PROTESTANT
931,MIDDLE CLASS,NO,VERY HAPPY,CATHOLIC
932,MIDDLE CLASS,NO,NOT TOO HAPPY,PROTESTANT
933,MIDDLE CLASS,NO,VERY HAPPY,PROTESTANT
934,MIDDLE CLASS,NO,PRETTY HAPPY,CATHOLIC
935,MIDDLE CLASS,NO,PRETTY HAPPY,PROTESTANT
936,MIDDLE CLASS,NO,VERY HAPPY,PROTESTANT
937,WORKING CLASS,YES,VERY HAPPY,PROTESTANT
939,LOWER CLASS,NO,PRETTY HAPPY,CATHOLIC
942,WORKING CLASS,NO,VERY HAPPY,PROTESTANT
943,WORKING CLASS,NO,VERY HAPPY,CATHOLIC
944,WORKING CLASS,NO,PRETTY HAPPY,PROTESTANT
946,MIDDLE CLASS,NO,PRETTY HAPPY,PROTESTANT
947,MIDDLE CLASS,NO,PRETTY HAPPY,BUDDHISM
948,WORKING CLASS,NO,PRETTY HAPPY,PROTESTANT
950,WORKING CLASS,NO,VERY HAPPY,CATHOLIC
951,WORKING CLASS,YES,PRETTY HAPPY,PROTESTANT
956,MIDDLE CLASS,NO,VERY HAPPY,PROTESTANT
957,WORKING CLASS,YES,VERY HAPPY,PROTESTANT
958,MIDDLE CLASS,YES,VERY HAPPY,PROTESTANT
959,WORKING CLASS,NO,VERY HAPPY,CATHOLIC
960,WORKING CLASS,NO,NOT TOO HAPPY,CATHOLIC
962,MIDDLE CLASS,NO,PRETTY HAPPY,PROTESTANT
963,WORKING CLASS,YES,PRETTY HAPPY,PROTESTANT
964,MIDDLE CLASS,NO,PRETTY HAPPY,PROTESTANT
965,WORKING CLASS,YES,PRETTY HAPPY,CATHOLIC
970,WORKING CLASS,NO,NOT TOO HAPPY,PROTESTANT
975,MIDDLE CLASS,NO,VERY HAPPY,PROTESTANT
976,WORKING CLASS,NO,VERY HAPPY,CATHOLIC
979,MIDDLE CLASS,NO,PRETTY HAPPY,PROTESTANT
980,WORKING CLASS,NO,VERY HAPPY,CATHOLIC
981,MIDDLE CLASS,NO,PRETTY HAPPY,CATHOLIC
984,MIDDLE CLASS,NO,PRETTY HAPPY,PROTESTANT
987,MIDDLE CLASS,NO,VERY HAPPY,OTHER
988,MIDDLE CLASS,YES,NOT TOO HAPPY,JEWISH
989,MIDDLE CLASS,NO,NOT TOO HAPPY,PROTESTANT
990,MIDDLE CLASS,NO,NOT TOO HAPPY,MOSLEM/ISLAM
993,MIDDLE CLASS,NO,PRETTY HAPPY,PROTESTANT
1000,MIDDLE CLASS,NO,PRETTY HAPPY,PROTESTANT
1002,MIDDLE CLASS,NO,PRETTY HAPPY,PROTESTANT
1007,MIDDLE CLASS,NO,PRETTY HAPPY,NONE
1010,WORKING CLASS,NO,NOT TOO HAPPY,CATHOLIC
1012,WORKING CLASS,YES,PRETTY HAPPY,CATHOLIC
1013,MIDDLE CLASS,NO,PRETTY HAPPY,CATHOLIC
1015,MIDDLE CLASS,NO,VERY HAPPY,PROTESTANT
1018,WORKING CLASS,NO,VERY HAPPY,CATHOLIC
1023,LOWER CLASS,NO,PRETTY HAPPY,PROTESTANT
1024,MIDDLE CLASS,NO,PRETTY HAPPY,CATHOLIC
1026,WORKING CLASS,NO,PRETTY HAPPY,CATHOLIC
1027,UPPER CLASS,NO,NOT TOO HAPPY,NONE
1031,WORKING CLASS,NO,PRETTY HAPPY,CATHOLIC
1036,WORKING CLASS,NO,PRETTY HAPPY,MOSLEM/ISLAM
1039,MIDDLE CLASS,NO,VERY HAPPY,PROTESTANT
1041,MIDDLE CLASS,NO,VERY HAPPY,PROTESTANT
1042,WORKING CLASS,NO,PRETTY HAPPY,HINDUISM
1045,MIDDLE CLASS,NO,PRETTY HAPPY,PROTESTANT
1048,UPPER CLASS,NO,PRETTY HAPPY,PROTESTANT
1049,LOWER CLASS,NO,VERY HAPPY,PROTESTANT
1054,WORKING CLASS,NO,PRETTY HAPPY,PROTESTANT
1057,WORKING CLASS,YES,PRETTY HAPPY,PROTESTANT
1058,WORKING CLASS,NO,PRETTY HAPPY,PROTESTANT
1059,WORKING CLASS,YES,VERY HAPPY,PROTESTANT
1062,WORKING CLASS,NO,VERY HAPPY,PROTESTANT
1064,WORKING CLASS,YES,VERY HAPPY,CATHOLIC
1068,MIDDLE CLASS,NO,PRETTY HAPPY,PROTESTANT
1073,LOWER CLASS,YES,PRETTY HAPPY,PROTESTANT
1074,WORKING CLASS,YES,PRETTY HAPPY,CATHOLIC
1075,MIDDLE CLASS,NO,VERY HAPPY,PROTESTANT
1077,MIDDLE CLASS,YES,VERY HAPPY,CATHOLIC
1079,MIDDLE CLASS,NO,NOT TOO HAPPY,CATHOLIC
1083,MIDDLE CLASS,NO,PRETTY HAPPY,PROTESTANT
1086,MIDDLE CLASS,NO,VERY HAPPY,CATHOLIC
1088,WORKING CLASS,NO,PRETTY HAPPY,CATHOLIC
1089,MIDDLE CLASS,NO,VERY HAPPY,CATHOLIC
1090,MIDDLE CLASS,NO,VERY HAPPY,PROTESTANT
1091,MIDDLE CLASS,NO,PRETTY HAPPY,CATHOLIC
1092,MIDDLE CLASS,NO,VERY HAPPY,CATHOLIC
1094,MIDDLE CLASS,NO,VERY HAPPY,PROTESTANT
1096,WORKING CLASS,NO,PRETTY HAPPY,CATHOLIC
1106,WORKING CLASS,YES,PRETTY HAPPY,PROTESTANT
1107,WORKING CLASS,YES,PRETTY HAPPY,CATHOLIC
1109,WORKING CLASS,NO,PRETTY HAPPY,PROTESTANT
1110,WORKING CLASS,YES,PRETTY HAPPY,PROTESTANT
1111,MIDDLE CLASS,NO,PRETTY HAPPY,PROTESTANT
1113,MIDDLE CLASS,NO,PRETTY HAPPY,NONE
1114,WORKING CLASS,YES,VERY HAPPY,CATHOLIC
1125,MIDDLE CLASS,NO,VERY HAPPY,PROTESTANT
1133,LOWER CLASS,NO,PRETTY HAPPY,PROTESTANT
1134,MIDDLE CLASS,NO,PRETTY HAPPY,PROTESTANT
1135,WORKING CLASS,NO,VERY HAPPY,PROTESTANT
1136,WORKING CLASS,YES,VERY HAPPY,NONE
1137,WORKING CLASS,NO,NOT TOO HAPPY,CATHOLIC
1140,MIDDLE CLASS,NO,PRETTY HAPPY,JEWISH
1143,MIDDLE CLASS,YES,PRETTY HAPPY,JEWISH
1146,WORKING CLASS,NO,PRETTY HAPPY,CATHOLIC
1150,WORKING CLASS,NO,PRETTY HAPPY,CATHOLIC
1151,MIDDLE CLASS,YES,NOT TOO HAPPY,CATHOLIC
1152,MIDDLE CLASS,NO,VERY HAPPY,PROTESTANT
1153,LOWER CLASS,NO,VERY HAPPY,PROTESTANT
1157,MIDDLE CLASS,NO,VERY HAPPY,PROTESTANT
1159,MIDDLE CLASS,NO,PRETTY HAPPY,CATHOLIC
1161,MIDDLE CLASS,YES,PRETTY HAPPY,PROTESTANT
1162,WORKING CLASS,NO,VERY HAPPY,CATHOLIC
1163,UPPER CLASS,NO,VERY HAPPY,PROTESTANT
1164,MIDDLE CLASS,YES,VERY HAPPY,CATHOLIC
1165,UPPER CLASS,YES,VERY HAPPY,ORTHODOX-CHRISTIAN
1167,WORKING CLASS,YES,VERY HAPPY,PROTESTANT
1168,MIDDLE CLASS,NO,PRETTY HAPPY,PROTESTANT
1169,MIDDLE CLASS,NO,VERY HAPPY,CATHOLIC
1170,MIDDLE CLASS,NO,VERY HAPPY,PROTESTANT
1173,MIDDLE CLASS,NO,PRETTY HAPPY,PROTESTANT
1174,MIDDLE CLASS,NO,PRETTY HAPPY,NONE
1175,MIDDLE CLASS,YES,PRETTY HAPPY,PROTESTANT
1176,WORKING CLASS,NO,PRETTY HAPPY,CATHOLIC
1177,WORKING CLASS,NO,PRETTY HAPPY,PROTESTANT
1180,WORKING CLASS,NO,PRETTY HAPPY,CATHOLIC
1182,WORKING CLASS,NO,PRETTY HAPPY,PROTESTANT
1183,MIDDLE CLASS,NO,NOT TOO HAPPY,CATHOLIC
1184,UPPER CLASS,NO,VERY HAPPY,CATHOLIC
1185,MIDDLE CLASS,NO,PRETTY HAPPY,CATHOLIC
1186,MIDDLE CLASS,NO,PRETTY HAPPY,NONE
1187,MIDDLE CLASS,NO,PRETTY HAPPY,PROTESTANT
1188,MIDDLE CLASS,YES,VERY HAPPY,CATHOLIC
1189,MIDDLE CLASS,NO,PRETTY HAPPY,CATHOLIC
1190,MIDDLE CLASS,NO,PRETTY HAPPY,PROTESTANT
1193,MIDDLE CLASS,NO,PRETTY HAPPY,PROTESTANT
1194,MIDDLE CLASS,NO,PRETTY HAPPY,CATHOLIC
1195,MIDDLE CLASS,NO,VERY HAPPY,CATHOLIC
1197,WORKING CLASS,NO,PRETTY HAPPY,ORTHODOX-CHRISTIAN
1198,MIDDLE CLASS,NO,VERY HAPPY,CATHOLIC
1200,WORKING CLASS,NO,PRETTY HAPPY,PROTESTANT
1201,WORKING CLASS,YES,PRETTY HAPPY,CATHOLIC
1202,MIDDLE CLASS,NO,VERY HAPPY,PROTESTANT
1203,WORKING CLASS,NO,VERY HAPPY,PROTESTANT
1204,MIDDLE CLASS,YES,PRETTY HAPPY,PROTESTANT
1215,MIDDLE CLASS,NO,PRETTY HAPPY,PROTESTANT
1216,WORKING CLASS,YES,VERY HAPPY,CATHOLIC
1218,WORKING CLASS,NO,VERY HAPPY,NONE
1220,MIDDLE CLASS,NO,VERY HAPPY,PROTESTANT
1222,WORKING CLASS,YES,VERY HAPPY,PROTESTANT
1224,MIDDLE CLASS,YES,PRETTY HAPPY,PROTESTANT
1225,MIDDLE CLASS,YES,PRETTY HAPPY,PROTESTANT
1226,WORKING CLASS,YES,VERY HAPPY,PROTESTANT
1228,WORKING CLASS,NO,PRETTY HAPPY,PROTESTANT
1232,WORKING CLASS,NO,PRETTY HAPPY,PROTESTANT
1240,MIDDLE CLASS,NO,VERY HAPPY,CATHOLIC
1241,MIDDLE CLASS,NO,PRETTY HAPPY,PROTESTANT
1245,WORKING CLASS,NO,PRETTY HAPPY,CATHOLIC
1247,MIDDLE CLASS,YES,NOT TOO HAPPY,PROTESTANT
1249,MIDDLE CLASS,NO,VERY HAPPY,CATHOLIC
1251,MIDDLE CLASS,NO,VERY HAPPY,PROTESTANT
1253,MIDDLE CLASS,NO,PRETTY HAPPY,NONE
1254,MIDDLE CLASS,YES,VERY HAPPY,CATHOLIC
1255,WORKING CLASS,NO,PRETTY HAPPY,PROTESTANT
1257,WORKING CLASS,NO,PRETTY HAPPY,CATHOLIC
1259,UPPER CLASS,NO,PRETTY HAPPY,CATHOLIC
1261,WORKING CLASS,YES,PRETTY HAPPY,PROTESTANT
1262,MIDDLE CLASS,NO,PRETTY HAPPY,HINDUISM
1263,MIDDLE CLASS,NO,VERY HAPPY,NONE
1267,WORKING CLASS,NO,VERY HAPPY,CATHOLIC
1276,WORKING CLASS,NO,VERY HAPPY,PROTESTANT
1277,MIDDLE CLASS,NO,PRETTY HAPPY,PROTESTANT
1280,MIDDLE CLASS,NO,VERY HAPPY,NONE
1281,UPPER CLASS,YES,PRETTY HAPPY,CATHOLIC
1282,MIDDLE CLASS,NO,VERY HAPPY,CATHOLIC
1283,WORKING CLASS,YES,PRETTY HAPPY,PROTESTANT
1286,MIDDLE CLASS,NO,VERY HAPPY,JEWISH
1289,MIDDLE CLASS,YES,VERY HAPPY,NONE
1292,MIDDLE CLASS,NO,PRETTY HAPPY,CATHOLIC
1294,WORKING CLASS,NO,PRETTY HAPPY,PROTESTANT
1297,MIDDLE CLASS,NO,PRETTY HAPPY,CATHOLIC
1301,MIDDLE CLASS,NO,NOT TOO HAPPY,CATHOLIC
1302,MIDDLE CLASS,YES,PRETTY HAPPY,PROTESTANT
1306,WORKING CLASS,NO,PRETTY HAPPY,PROTESTANT
1307,MIDDLE CLASS,NO,VERY HAPPY,CATHOLIC
1309,LOWER CLASS,NO,PRETTY HAPPY,CATHOLIC
1314,MIDDLE CLASS,NO,PRETTY HAPPY,PROTESTANT
1315,WORKING CLASS,NO,PRETTY HAPPY,PROTESTANT
1318,LOWER CLASS,NO,VERY HAPPY,PROTESTANT
1319,WORKING CLASS,NO,PRETTY HAPPY,PROTESTANT
1320,MIDDLE CLASS,YES,PRETTY HAPPY,PROTESTANT
1321,WORKING CLASS,NO,VERY HAPPY,PROTESTANT
1322,MIDDLE CLASS,YES,PRETTY HAPPY,NONE
1325,MIDDLE CLASS,NO,PRETTY HAPPY,PROTESTANT
1326,WORKING CLASS,YES,PRETTY HAPPY,PROTESTANT
1327,MIDDLE CLASS,NO,PRETTY HAPPY,CATHOLIC
1328,MIDDLE CLASS,NO,VERY HAPPY,PROTESTANT
1329,WORKING CLASS,NO,PRETTY HAPPY,NONE
1331,WORKING CLASS,NO,VERY HAPPY,ORTHODOX-CHRISTIAN
1332,MIDDLE CLASS,YES,PRETTY HAPPY,PROTESTANT
1334,UPPER CLASS,NO,PRETTY HAPPY,PROTESTANT
1335,WORKING CLASS,NO,VERY HAPPY,PROTESTANT
1336,MIDDLE CLASS,NO,PRETTY HAPPY,PROTESTANT
1338,WORKING CLASS,NO,PRETTY HAPPY,PROTESTANT
1339,WORKING CLASS,NO,VERY HAPPY,CATHOLIC
1340,WORKING CLASS,NO,PRETTY HAPPY,PROTESTANT
1343,LOWER CLASS,NO,VERY HAPPY,NONE
1348,WORKING CLASS,NO,PRETTY HAPPY,CATHOLIC
1351,MIDDLE CLASS,YES,VERY HAPPY,PROTESTANT
1353,WORKING CLASS,NO,PRETTY HAPPY,NONE
1358,MIDDLE CLASS,NO,VERY HAPPY,PROTESTANT
1363,MIDDLE CLASS,NO,PRETTY HAPPY,PROTESTANT
1364,WORKING CLASS,NO,PRETTY HAPPY,PROTESTANT
1365,MIDDLE CLASS,YES,VERY HAPPY,PROTESTANT
1366,WORKING CLASS,NO,PRETTY HAPPY,PROTESTANT
1367,MIDDLE CLASS,NO,PRETTY HAPPY,PROTESTANT
1368,WORKING CLASS,YES,PRETTY HAPPY,PROTESTANT
1369,MIDDLE CLASS,NO,PRETTY HAPPY,PROTESTANT
1370,MIDDLE CLASS,NO,NOT TOO HAPPY,NONE
1371,WORKING CLASS,YES,PRETTY HAPPY,PROTESTANT
1372,MIDDLE CLASS,NO,PRETTY HAPPY,PROTESTANT
1373,WORKING CLASS,NO,PRETTY HAPPY,PROTESTANT
1376,MIDDLE CLASS,NO,VERY HAPPY,CATHOLIC
1379,MIDDLE CLASS,NO,VERY HAPPY,PROTESTANT
1380,WORKING CLASS,NO,PRETTY HAPPY,CATHOLIC
1381,WORKING CLASS,NO,VERY HAPPY,CHRISTIAN
1382,WORKING CLASS,NO,NOT TOO HAPPY,PROTESTANT
1383,MIDDLE CLASS,YES,VERY HAPPY,CATHOLIC
1386,LOWER CLASS,NO,PRETTY HAPPY,CATHOLIC
1387,WORKING CLASS,YES,VERY HAPPY,PROTESTANT
1388,MIDDLE CLASS,NO,PRETTY HAPPY,PROTESTANT
1390,MIDDLE CLASS,NO,PRETTY HAPPY,PROTESTANT
1392,WORKING CLASS,NO,PRETTY HAPPY,PROTESTANT
1394,UPPER CLASS,NO,PRETTY HAPPY,PROTESTANT
1395,MIDDLE CLASS,NO,PRETTY HAPPY,PROTESTANT
1396,WORKING CLASS,YES,PRETTY HAPPY,PROTESTANT
1397,MIDDLE CLASS,NO,PRETTY HAPPY,PROTESTANT
1400,MIDDLE CLASS,NO,PRETTY HAPPY,PROTESTANT
1401,MIDDLE CLASS,YES,VERY HAPPY,PROTESTANT
1402,MIDDLE CLASS,YES,VERY HAPPY,OTHER
1404,MIDDLE CLASS,YES,PRETTY HAPPY,PROTESTANT
1405,MIDDLE CLASS,NO,PRETTY HAPPY,PROTESTANT
1409,WORKING CLASS,YES,PRETTY HAPPY,PROTESTANT
1410,WORKING CLASS,NO,PRETTY HAPPY,PROTESTANT
1416,MIDDLE CLASS,YES,VERY HAPPY,PROTESTANT
1420,MIDDLE CLASS,NO,VERY HAPPY,CATHOLIC
1423,MIDDLE CLASS,NO,PRETTY HAPPY,PROTESTANT
1424,MIDDLE CLASS,YES,PRETTY HAPPY,PROTESTANT
1426,MIDDLE CLASS,NO,PRETTY HAPPY,PROTESTANT
1427,MIDDLE CLASS,NO,VERY HAPPY,PROTESTANT
1430,LOWER CLASS,YES,PRETTY HAPPY,PROTESTANT
1435,MIDDLE CLASS,NO,VERY HAPPY,PROTESTANT
1439,WORKING CLASS,NO,VERY HAPPY,NONE
1440,WORKING CLASS,NO,PRETTY HAPPY,PROTESTANT
1441,LOWER CLASS,YES,VERY HAPPY,PROTESTANT
1445,UPPER CLASS,NO,PRETTY HAPPY,PROTESTANT
1447,WORKING CLASS,NO,PRETTY HAPPY,NONE
1450,WORKING CLASS,NO,VERY HAPPY,PROTESTANT
1451,UPPER CLASS,NO,PRETTY HAPPY,PROTESTANT
1452,WORKING CLASS,NO,VERY HAPPY,CATHOLIC
1453,MIDDLE CLASS,NO,PRETTY HAPPY,NONE
1455,WORKING CLASS,NO,VERY HAPPY,PROTESTANT
1456,WORKING CLASS,YES,PRETTY HAPPY,PROTESTANT
1459,WORKING CLASS,NO,PRETTY HAPPY,PROTESTANT
1460,MIDDLE CLASS,NO,VERY HAPPY,PROTESTANT
1464,WORKING CLASS,NO,VERY HAPPY,PROTESTANT
1468,UPPER CLASS,YES,VERY HAPPY,PROTESTANT
1470,MIDDLE CLASS,NO,VERY HAPPY,PROTESTANT
1471,WORKING CLASS,NO,NOT TOO HAPPY,CATHOLIC
1473,WORKING CLASS,NO,PRETTY HAPPY,PROTESTANT
1475,WORKING CLASS,NO,PRETTY HAPPY,PROTESTANT
1482,MIDDLE CLASS,NO,PRETTY HAPPY,PROTESTANT
1483,MIDDLE CLASS,NO,PRETTY HAPPY,CATHOLIC
1486,UPPER CLASS,NO,VERY HAPPY,PROTESTANT
1487,UPPER CLASS,NO,VERY HAPPY,CATHOLIC
1488,UPPER CLASS,NO,VERY HAPPY,CATHOLIC
1489,MIDDLE CLASS,NO,PRETTY HAPPY,NONE
1490,MIDDLE CLASS,NO,PRETTY HAPPY,JEWISH
1491,MIDDLE CLASS,NO,PRETTY HAPPY,PROTESTANT
1495,WORKING CLASS,YES,PRETTY HAPPY,NONE
1498,WORKING CLASS,NO,PRETTY HAPPY,PROTESTANT
1499,WORKING CLASS,NO,PRETTY HAPPY,CATHOLIC
1501,WORKING CLASS,NO,VERY HAPPY,CATHOLIC
1502,MIDDLE CLASS,YES,PRETTY HAPPY,PROTESTANT
1503,MIDDLE CLASS,NO,PRETTY HAPPY,CATHOLIC
1505,WORKING CLASS,YES,VERY HAPPY,PROTESTANT
1507,MIDDLE CLASS,NO,VERY HAPPY,CATHOLIC
1509,WORKING CLASS,NO,PRETTY HAPPY,CATHOLIC
1512,WORKING CLASS,NO,VERY HAPPY,CATHOLIC
1513,MIDDLE CLASS,NO,NOT TOO HAPPY,CATHOLIC
1518,MIDDLE CLASS,NO,PRETTY HAPPY,OTHER
1519,WORKING CLASS,NO,PRETTY HAPPY,PROTESTANT
1523,WORKING CLASS,YES,VERY HAPPY,PROTESTANT
1525,MIDDLE CLASS,NO,NOT TOO HAPPY,PROTESTANT
1526,WORKING CLASS,YES,PRETTY HAPPY,PROTESTANT
1527,MIDDLE CLASS,NO,VERY HAPPY,PROTESTANT
1534,LOWER CLASS,NO,VERY HAPPY,CATHOLIC
1538,WORKING CLASS,YES,PRETTY HAPPY,PROTESTANT
1540,WORKING CLASS,NO,PRETTY HAPPY,CATHOLIC
1542,MIDDLE CLASS,NO,VERY HAPPY,PROTESTANT
1545,WORKING CLASS,NO,PRETTY HAPPY,PROTESTANT
1546,WORKING CLASS,NO,PRETTY HAPPY,PROTESTANT
1547,MIDDLE CLASS,NO,NOT TOO HAPPY,PROTESTANT
1548,WORKING CLASS,NO,PRETTY HAPPY,PROTESTANT
1551,WORKING CLASS,NO,PRETTY HAPPY,PROTESTANT
1553,WORKING CLASS,NO,VERY HAPPY,PROTESTANT
1554,MIDDLE CLASS,NO,VERY HAPPY,PROTESTANT
1555,MIDDLE CLASS,NO,VERY HAPPY,PROTESTANT
1556,MIDDLE CLASS,NO,NOT TOO HAPPY,PROTESTANT
1557,MIDDLE CLASS,NO,VERY HAPPY,PROTESTANT
1560,MIDDLE CLASS,NO,VERY HAPPY,PROTESTANT
1561,WORKING CLASS,NO,VERY HAPPY,PROTESTANT
1562,MIDDLE CLASS,NO,VERY HAPPY,PROTESTANT
1563,MIDDLE CLASS,NO,PRETTY HAPPY,PROTESTANT
1564,LOWER CLASS,NO,PRETTY HAPPY,PROTESTANT
1565,WORKING CLASS,YES,VERY HAPPY,PROTESTANT
1567,WORKING CLASS,NO,VERY HAPPY,PROTESTANT
1570,MIDDLE CLASS,YES,VERY HAPPY,PROTESTANT
1573,WORKING CLASS,NO,NOT TOO HAPPY,PROTESTANT
1575,MIDDLE CLASS,NO,PRETTY HAPPY,PROTESTANT
1577,WORKING CLASS,NO,PRETTY HAPPY,PROTESTANT
1578,WORKING CLASS,NO,PRETTY HAPPY,PROTESTANT
1579,MIDDLE CLASS,NO,PRETTY HAPPY,PROTESTANT
1580,MIDDLE CLASS,NO,PRETTY HAPPY,PROTESTANT
1581,MIDDLE CLASS,NO,PRETTY HAPPY,PROTESTANT
1584,MIDDLE CLASS,NO,PRETTY HAPPY,PROTESTANT
1585,WORKING CLASS,YES,NOT TOO HAPPY,PROTESTANT
1588,UPPER CLASS,NO,PRETTY HAPPY,PROTESTANT
1589,MIDDLE CLASS,YES,NOT TOO HAPPY,PROTESTANT
1591,LOWER CLASS,YES,PRETTY HAPPY,PROTESTANT
1592,MIDDLE CLASS,NO,PRETTY HAPPY,HINDUISM
1594,MIDDLE CLASS,YES,VERY HAPPY,PROTESTANT
1595,WORKING CLASS,NO,PRETTY HAPPY,PROTESTANT
1596,MIDDLE CLASS,YES,NOT TOO HAPPY,PROTESTANT
1600,MIDDLE CLASS,YES,PRETTY HAPPY,NATIVE AMERICAN
1601,WORKING CLASS,NO,PRETTY HAPPY,PROTESTANT
1604,WORKING CLASS,YES,PRETTY HAPPY,CATHOLIC
1612,MIDDLE CLASS,NO,VERY HAPPY,BUDDHISM
1613,MIDDLE CLASS,YES,PRETTY HAPPY,CATHOLIC
1615,MIDDLE CLASS,NO,VERY HAPPY,PROTESTANT
1618,UPPER CLASS,NO,VERY HAPPY,CATHOLIC
1619,UPPER CLASS,YES,VERY HAPPY,PROTESTANT
1620,WORKING CLASS,NO,PRETTY HAPPY,CATHOLIC
1621,MIDDLE CLASS,NO,PRETTY HAPPY,CATHOLIC
1622,MIDDLE CLASS,NO,PRETTY HAPPY,CATHOLIC
1623,UPPER CLASS,NO,VERY HAPPY,CATHOLIC
1628,MIDDLE CLASS,YES,PRETTY HAPPY,PROTESTANT
1629,MIDDLE CLASS,YES,PRETTY HAPPY,CATHOLIC
1630,WORKING CLASS,YES,VERY HAPPY,NONE
1632,WORKING CLASS,YES,PRETTY HAPPY,PROTESTANT
1634,MIDDLE CLASS,NO,PRETTY HAPPY,PROTESTANT
1636,MIDDLE CLASS,NO,VERY HAPPY,CATHOLIC
1637,MIDDLE CLASS,NO,VERY HAPPY,NONE
1638,WORKING CLASS,YES,PRETTY HAPPY,PROTESTANT
1639,WORKING CLASS,YES,NOT TOO HAPPY,PROTESTANT
1640,MIDDLE CLASS,YES,VERY HAPPY,PROTESTANT
1641,MIDDLE CLASS,NO,VERY HAPPY,PROTESTANT
1642,MIDDLE CLASS,YES,PRETTY HAPPY,PROTESTANT
1643,WORKING CLASS,YES,PRETTY HAPPY,PROTESTANT
1649,MIDDLE CLASS,NO,PRETTY HAPPY,PROTESTANT
1653,WORKING CLASS,NO,VERY HAPPY,PROTESTANT
1654,MIDDLE CLASS,NO,PRETTY HAPPY,PROTESTANT
1655,LOWER CLASS,NO,VERY HAPPY,PROTESTANT
1656,WORKING CLASS,NO,PRETTY HAPPY,PROTESTANT
1658,WORKING CLASS,NO,PRETTY HAPPY,PROTESTANT
1663,WORKING CLASS,NO,NOT TOO HAPPY,CATHOLIC
1665,LOWER CLASS,NO,NOT TOO HAPPY,PROTESTANT
1666,WORKING CLASS,YES,PRETTY HAPPY,PROTESTANT
1667,LOWER CLASS,NO,PRETTY HAPPY,PROTESTANT
1668,MIDDLE CLASS,NO,VERY HAPPY,PROTESTANT
1669,WORKING CLASS,NO,VERY HAPPY,ORTHODOX-CHRISTIAN
1672,WORKING CLASS,NO,VERY HAPPY,PROTESTANT
1674,MIDDLE CLASS,NO,VERY HAPPY,CATHOLIC
1676,WORKING CLASS,NO,VERY HAPPY,NONE
1677,WORKING CLASS,NO,PRETTY HAPPY,PROTESTANT
1679,MIDDLE CLASS,NO,PRETTY HAPPY,CATHOLIC
1680,MIDDLE CLASS,NO,VERY HAPPY,ORTHODOX-CHRISTIAN
1681,WORKING CLASS,NO,PRETTY HAPPY,PROTESTANT
1682,MIDDLE CLASS,NO,VERY HAPPY,CATHOLIC
1683,WORKING CLASS,NO,VERY HAPPY,PROTESTANT
1685,WORKING CLASS,NO,VERY HAPPY,PROTESTANT
1689,MIDDLE CLASS,YES,NOT TOO HAPPY,ORTHODOX-CHRISTIAN
1691,WORKING CLASS,YES,VERY HAPPY,CATHOLIC
1692,MIDDLE CLASS,NO,PRETTY HAPPY,PROTESTANT
1698,WORKING CLASS,NO,VERY HAPPY,NONE
1699,MIDDLE CLASS,NO,PRETTY HAPPY,PROTESTANT
1700,LOWER CLASS,NO,NOT TOO HAPPY,PROTESTANT
1705,MIDDLE CLASS,NO,VERY HAPPY,PROTESTANT
1708,MIDDLE CLASS,NO,PRETTY HAPPY,JEWISH
1710,LOWER CLASS,NO,NOT TOO HAPPY,PROTESTANT
1719,WORKING CLASS,NO,PRETTY HAPPY,NONE
1720,WORKING CLASS,YES,PRETTY HAPPY,CATHOLIC
1722,MIDDLE CLASS,NO,NOT TOO HAPPY,NONE
1724,LOWER CLASS,NO,PRETTY HAPPY,PROTESTANT
1731,MIDDLE CLASS,YES,VERY HAPPY,PROTESTANT
1732,WORKING CLASS,NO,VERY HAPPY,PROTESTANT
1733,MIDDLE CLASS,NO,VERY HAPPY,PROTESTANT
1734,MIDDLE CLASS,NO,VERY HAPPY,PROTESTANT
1735,MIDDLE CLASS,NO,PRETTY HAPPY,PROTESTANT
1736,MIDDLE CLASS,YES,PRETTY HAPPY,NONE
1737,MIDDLE CLASS,NO,VERY HAPPY,PROTESTANT
1742,MIDDLE CLASS,NO,VERY HAPPY,PROTESTANT
1743,MIDDLE CLASS,NO,PRETTY HAPPY,PROTESTANT
1744,MIDDLE CLASS,YES,PRETTY HAPPY,PROTESTANT
1747,MIDDLE CLASS,NO,VERY HAPPY,NONE
1749,WORKING CLASS,NO,VERY HAPPY,PROTESTANT
1751,MIDDLE CLASS,NO,VERY HAPPY,PROTESTANT
1752,MIDDLE CLASS,NO,PRETTY HAPPY,CATHOLIC
1753,WORKING CLASS,YES,PRETTY HAPPY,CATHOLIC
1754,MIDDLE CLASS,NO,PRETTY HAPPY,CATHOLIC
1755,WORKING CLASS,NO,VERY HAPPY,PROTESTANT
1756,WORKING CLASS,NO,VERY HAPPY,PROTESTANT
1759,WORKING CLASS,NO,VERY HAPPY,PROTESTANT
1760,MIDDLE CLASS,NO,PRETTY HAPPY,PROTESTANT
1761,WORKING CLASS,NO,VERY HAPPY,CATHOLIC
1762,MIDDLE CLASS,NO,VERY HAPPY,PROTESTANT
1763,MIDDLE CLASS,NO,VERY HAPPY,PROTESTANT
1764,WORKING CLASS,NO,PRETTY HAPPY,CATHOLIC
1765,MIDDLE CLASS,NO,PRETTY HAPPY,PROTESTANT
1766,WORKING CLASS,NO,VERY HAPPY,PROTESTANT
1768,MIDDLE CLASS,YES,VERY HAPPY,CATHOLIC
1771,MIDDLE CLASS,NO,VERY HAPPY,CATHOLIC
1774,WORKING CLASS,NO,VERY HAPPY,CATHOLIC
1775,MIDDLE CLASS,NO,PRETTY HAPPY,PROTESTANT
1776,MIDDLE CLASS,NO,PRETTY HAPPY,PROTESTANT
1777,WORKING CLASS,YES,PRETTY HAPPY,PROTESTANT
1780,MIDDLE CLASS,NO,VERY HAPPY,PROTESTANT
1783,WORKING CLASS,NO,PRETTY HAPPY,PROTESTANT
1784,WORKING CLASS,NO,PRETTY HAPPY,PROTESTANT
1785,WORKING CLASS,YES,VERY HAPPY,CHRISTIAN
1786,MIDDLE CLASS,NO,VERY HAPPY,CATHOLIC
1787,MIDDLE CLASS,NO,PRETTY HAPPY,PROTESTANT
1789,MIDDLE CLASS,NO,VERY HAPPY,CATHOLIC
1790,WORKING CLASS,NO,PRETTY HAPPY,CATHOLIC
1792,MIDDLE CLASS,YES,PRETTY HAPPY,CATHOLIC
1795,MIDDLE CLASS,NO,VERY HAPPY,PROTESTANT
1797,MIDDLE CLASS,NO,PRETTY HAPPY,PROTESTANT
1798,WORKING CLASS,NO,VERY HAPPY,PROTESTANT
1801,MIDDLE CLASS,NO,PRETTY HAPPY,CATHOLIC
1802,WORKING CLASS,NO,PRETTY HAPPY,CATHOLIC
1803,MIDDLE CLASS,NO,PRETTY HAPPY,CATHOLIC
1804,MIDDLE CLASS,YES,VERY HAPPY,PROTESTANT
1805,MIDDLE CLASS,NO,VERY HAPPY,PROTESTANT
1806,WORKING CLASS,NO,VERY HAPPY,CATHOLIC
1808,MIDDLE CLASS,NO,PRETTY HAPPY,CATHOLIC
1809,MIDDLE CLASS,NO,VERY HAPPY,PROTESTANT
1810,MIDDLE CLASS,YES,VERY HAPPY,CATHOLIC
1811,MIDDLE CLASS,NO,VERY HAPPY,PROTESTANT
1812,WORKING CLASS,NO,VERY HAPPY,NONE
1815,MIDDLE CLASS,NO,PRETTY HAPPY,CATHOLIC
1820,WORKING CLASS,NO,PRETTY HAPPY,PROTESTANT
1822,WORKING CLASS,YES,PRETTY HAPPY,PROTESTANT
1823,WORKING CLASS,YES,PRETTY HAPPY,PROTESTANT
1824,MIDDLE CLASS,YES,VERY HAPPY,PROTESTANT
1825,WORKING CLASS,NO,VERY HAPPY,PROTESTANT
1826,MIDDLE CLASS,NO,PRETTY HAPPY,NONE
1827,WORKING CLASS,NO,PRETTY HAPPY,PROTESTANT
1830,MIDDLE CLASS,YES,PRETTY HAPPY,PROTESTANT
1836,WORKING CLASS,YES,VERY HAPPY,PROTESTANT
1837,MIDDLE CLASS,YES,VERY HAPPY,CATHOLIC
1844,MIDDLE CLASS,NO,PRETTY HAPPY,PROTESTANT
1846,MIDDLE CLASS,YES,NOT TOO HAPPY,CATHOLIC
1848,MIDDLE CLASS,NO,PRETTY HAPPY,CATHOLIC
1849,LOWER CLASS,NO,PRETTY HAPPY,CATHOLIC
1850,MIDDLE CLASS,NO,VERY HAPPY,CATHOLIC
1853,MIDDLE CLASS,NO,VERY HAPPY,CATHOLIC
1855,UPPER CLASS,NO,VERY HAPPY,PROTESTANT
1856,MIDDLE CLASS,NO,NOT TOO HAPPY,PROTESTANT
1857,MIDDLE CLASS,NO,PRETTY HAPPY,PROTESTANT
1858,WORKING CLASS,NO,VERY HAPPY,PROTESTANT
1862,WORKING CLASS,NO,VERY HAPPY,CATHOLIC
1864,WORKING CLASS,YES,PRETTY HAPPY,NONE
1865,MIDDLE CLASS,YES,VERY HAPPY,PROTESTANT
1867,MIDDLE CLASS,NO,VERY HAPPY,CATHOLIC
1871,MIDDLE CLASS,NO,PRETTY HAPPY,PROTESTANT
1873,WORKING CLASS,YES,VERY HAPPY,CATHOLIC
1874,WORKING CLASS,YES,PRETTY HAPPY,PROTESTANT
1875,WORKING CLASS,NO,PRETTY HAPPY,NONE
1882,WORKING CLASS,NO,VERY HAPPY,CATHOLIC
1884,WORKING CLASS,NO,VERY HAPPY,CATHOLIC
1886,WORKING CLASS,NO,VERY HAPPY,PROTESTANT
1888,WORKING CLASS,NO,PRETTY HAPPY,PROTESTANT
1889,WORKING CLASS,NO,VERY HAPPY,CATHOLIC
1900,WORKING CLASS,YES,PRETTY HAPPY,CATHOLIC
1902,MIDDLE CLASS,NO,PRETTY HAPPY,CATHOLIC
1903,WORKING CLASS,NO,NOT TOO HAPPY,CATHOLIC
1904,MIDDLE CLASS,NO,NOT TOO HAPPY,PROTESTANT
1905,WORKING CLASS,NO,VERY HAPPY,PROTESTANT
1908,MIDDLE CLASS,NO,VERY HAPPY,PROTESTANT
1909,WORKING CLASS,YES,VERY HAPPY,PROTESTANT
1910,MIDDLE CLASS,NO,NOT TOO HAPPY,CATHOLIC
1911,WORKING CLASS,NO,PRETTY HAPPY,CATHOLIC
1915,MIDDLE CLASS,NO,PRETTY HAPPY,JEWISH
1916,MIDDLE CLASS,NO,PRETTY HAPPY,PROTESTANT
1920,WORKING CLASS,NO,PRETTY HAPPY,CATHOLIC
1930,MIDDLE CLASS,YES,VERY HAPPY,CATHOLIC
1931,MIDDLE CLASS,NO,PRETTY HAPPY,JEWISH
1935,MIDDLE CLASS,NO,PRETTY HAPPY,PROTESTANT
1936,MIDDLE CLASS,NO,PRETTY HAPPY,PROTESTANT
1937,MIDDLE CLASS,NO,NOT TOO HAPPY,CATHOLIC
1938,MIDDLE CLASS,YES,PRETTY HAPPY,PROTESTANT
1939,MIDDLE CLASS,NO,VERY HAPPY,CATHOLIC
1940,MIDDLE CLASS,NO,VERY HAPPY,PROTESTANT
1942,MIDDLE CLASS,NO,VERY HAPPY,PROTESTANT
1943,MIDDLE CLASS,NO,VERY HAPPY,NONE
1944,MIDDLE CLASS,NO,NOT TOO HAPPY,PROTESTANT
1945,MIDDLE CLASS,NO,PRETTY HAPPY,CATHOLIC
1948,WORKING CLASS,YES,PRETTY HAPPY,PROTESTANT
1958,WORKING CLASS,YES,PRETTY HAPPY,PROTESTANT
1959,WORKING CLASS,YES,PRETTY HAPPY,PROTESTANT
1961,MIDDLE CLASS,NO,PRETTY HAPPY,CATHOLIC
1962,WORKING CLASS,NO,VERY HAPPY,PROTESTANT
1964,WORKING CLASS,YES,PRETTY HAPPY,CATHOLIC
1965,WORKING CLASS,NO,PRETTY HAPPY,CATHOLIC
1966,WORKING CLASS,NO,PRETTY HAPPY,CATHOLIC
1973,WORKING CLASS,NO,PRETTY HAPPY,CATHOLIC
1974,WORKING CLASS,NO,PRETTY HAPPY,NONE
1975,MIDDLE CLASS,NO,PRETTY HAPPY,PROTESTANT
1979,WORKING CLASS,NO,VERY HAPPY,NONE
1985,WORKING CLASS,NO,VERY HAPPY,CATHOLIC
1991,WORKING CLASS,NO,PRETTY HAPPY,CATHOLIC
1995,MIDDLE CLASS,NO,PRETTY HAPPY,PROTESTANT
1996,WORKING CLASS,YES,PRETTY HAPPY,CATHOLIC
1997,MIDDLE CLASS,NO,NOT TOO HAPPY,CATHOLIC
2000,LOWER CLASS,YES,PRETTY HAPPY,CATHOLIC
2002,MIDDLE CLASS,YES,PRETTY HAPPY,PROTESTANT
2003,MIDDLE CLASS,NO,PRETTY HAPPY,CATHOLIC
2004,WORKING CLASS,NO,PRETTY HAPPY,PROTESTANT
2005,MIDDLE CLASS,YES,PRETTY HAPPY,CATHOLIC
2011,MIDDLE CLASS,NO,PRETTY HAPPY,PROTESTANT
2013,LOWER CLASS,NO,PRETTY HAPPY,PROTESTANT
2014,LOWER CLASS,YES,PRETTY HAPPY,CATHOLIC
2017,MIDDLE CLASS,YES,VERY HAPPY,CATHOLIC
2018,MIDDLE CLASS,NO,PRETTY HAPPY,PROTESTANT
2019,MIDDLE CLASS,YES,PRETTY HAPPY,PROTESTANT
2021,MIDDLE CLASS,YES,VERY HAPPY,CATHOLIC
2024,UPPER CLASS,NO,VERY HAPPY,NONE
2029,WORKING CLASS,NO,PRETTY HAPPY,PROTESTANT
2030,WORKING CLASS,NO,PRETTY HAPPY,PROTESTANT
2032,WORKING CLASS,NO,PRETTY HAPPY,NONE
2033,WORKING CLASS,NO,VERY HAPPY,PROTESTANT
2034,WORKING CLASS,YES,PRETTY HAPPY,PROTESTANT
2040,MIDDLE CLASS,YES,VERY HAPPY,CATHOLIC
2041,UPPER CLASS,NO,NOT TOO HAPPY,PROTESTANT
2045,MIDDLE CLASS,NO,NOT TOO HAPPY,PROTESTANT
2046,MIDDLE CLASS,NO,PRETTY HAPPY,PROTESTANT
2047,WORKING CLASS,NO,PRETTY HAPPY,CATHOLIC
2048,WORKING CLASS,YES,VERY HAPPY,CATHOLIC
2050,WORKING CLASS,NO,PRETTY HAPPY,PROTESTANT
2051,MIDDLE CLASS,NO,PRETTY HAPPY,PROTESTANT
2052,WORKING CLASS,NO,VERY HAPPY,PROTESTANT
2053,MIDDLE CLASS,NO,PRETTY HAPPY,PROTESTANT
2057,LOWER CLASS,NO,VERY HAPPY,NONE
2058,WORKING CLASS,NO,PRETTY HAPPY,PROTESTANT
2063,WORKING CLASS,NO,VERY HAPPY,CATHOLIC
2064,MIDDLE CLASS,YES,VERY HAPPY,CATHOLIC
2066,MIDDLE CLASS,YES,VERY HAPPY,CATHOLIC
2068,MIDDLE CLASS,NO,NOT TOO HAPPY,PROTESTANT
2072,WORKING CLASS,YES,VERY HAPPY,NONE
2075,WORKING CLASS,YES,VERY HAPPY,PROTESTANT
2077,WORKING CLASS,NO,PRETTY HAPPY,PROTESTANT
2078,MIDDLE CLASS,NO,PRETTY HAPPY,NONE
2079,LOWER CLASS,NO,VERY HAPPY,NONE
2080,WORKING CLASS,NO,PRETTY HAPPY,PROTESTANT
2081,MIDDLE CLASS,YES,PRETTY HAPPY,CATHOLIC
2082,MIDDLE CLASS,NO,VERY HAPPY,NONE
2083,MIDDLE CLASS,NO,VERY HAPPY,CATHOLIC
2084,MIDDLE CLASS,NO,PRETTY HAPPY,PROTESTANT
2085,WORKING CLASS,NO,PRETTY HAPPY,PROTESTANT
2086,WORKING CLASS,YES,PRETTY HAPPY,PROTESTANT
2087,WORKING CLASS,YES,PRETTY HAPPY,PROTESTANT
2089,LOWER CLASS,NO,PRETTY HAPPY,PROTESTANT
2091,MIDDLE CLASS,NO,PRETTY HAPPY,CATHOLIC
2092,MIDDLE CLASS,NO,PRETTY HAPPY,PROTESTANT
2093,WORKING CLASS,NO,VERY HAPPY,PROTESTANT
2094,WORKING CLASS,NO,NOT TOO HAPPY,CATHOLIC
2095,WORKING CLASS,NO,PRETTY HAPPY,PROTESTANT
2096,WORKING CLASS,NO,PRETTY HAPPY,PROTESTANT
2099,MIDDLE CLASS,NO,PRETTY HAPPY,NONE
2100,MIDDLE CLASS,NO,VERY HAPPY,PROTESTANT
2101,MIDDLE CLASS,NO,VERY HAPPY,PROTESTANT
2103,WORKING CLASS,NO,PRETTY HAPPY,PROTESTANT
2104,MIDDLE CLASS,NO,PRETTY HAPPY,PROTESTANT
2105,WORKING CLASS,NO,PRETTY HAPPY,PROTESTANT
2106,MIDDLE CLASS,YES,VERY HAPPY,NONE
2107,MIDDLE CLASS,NO,VERY HAPPY,PROTESTANT
2108,MIDDLE CLASS,NO,VERY HAPPY,PROTESTANT
2109,WORKING CLASS,NO,VERY HAPPY,PROTESTANT
2111,LOWER CLASS,NO,PRETTY HAPPY,PROTESTANT
2113,MIDDLE CLASS,NO,PRETTY HAPPY,PROTESTANT
2114,MIDDLE CLASS,YES,VERY HAPPY,PROTESTANT
2116,MIDDLE CLASS,YES,VERY HAPPY,PROTESTANT
2118,WORKING CLASS,NO,NOT TOO HAPPY,PROTESTANT
2119,MIDDLE CLASS,NO,VERY HAPPY,PROTESTANT
2121,WORKING CLASS,YES,PRETTY HAPPY,PROTESTANT
2122,MIDDLE CLASS,NO,PRETTY HAPPY,PROTESTANT
2123,WORKING CLASS,NO,VERY HAPPY,PROTESTANT
2124,WORKING CLASS,YES,PRETTY HAPPY,PROTESTANT
2127,MIDDLE CLASS,NO,PRETTY HAPPY,PROTESTANT
2128,WORKING CLASS,NO,PRETTY HAPPY,CATHOLIC
2129,WORKING CLASS,YES,VERY HAPPY,PROTESTANT
2130,MIDDLE CLASS,YES,PRETTY HAPPY,CATHOLIC
2132,WORKING CLASS,NO,VERY HAPPY,PROTESTANT
2133,MIDDLE CLASS,NO,VERY HAPPY,PROTESTANT
2134,WORKING CLASS,NO,VERY HAPPY,PROTESTANT
2135,LOWER CLASS,YES,PRETTY HAPPY,PROTESTANT
2136,WORKING CLASS,NO,VERY HAPPY,PROTESTANT
2137,UPPER CLASS,NO,VERY HAPPY,PROTESTANT
2138,LOWER CLASS,YES,VERY HAPPY,PROTESTANT
2139,LOWER CLASS,NO,VERY HAPPY,PROTESTANT
2140,WORKING CLASS,NO,PRETTY HAPPY,PROTESTANT
2141,WORKING CLASS,YES,PRETTY HAPPY,CATHOLIC
2142,MIDDLE CLASS,NO,PRETTY HAPPY,PROTESTANT
2143,WORKING CLASS,NO,PRETTY HAPPY,PROTESTANT
2144,WORKING CLASS,YES,PRETTY HAPPY,PROTESTANT
2145,WORKING CLASS,YES,PRETTY HAPPY,PROTESTANT
2147,MIDDLE CLASS,YES,VERY HAPPY,PROTESTANT
2149,LOWER CLASS,NO,PRETTY HAPPY,PROTESTANT
2151,WORKING CLASS,YES,PRETTY HAPPY,PROTESTANT
2153,MIDDLE CLASS,NO,PRETTY HAPPY,CATHOLIC
2160,WORKING CLASS,NO,VERY HAPPY,NONE
2162,MIDDLE CLASS,YES,PRETTY HAPPY,PROTESTANT
2163,MIDDLE CLASS,YES,VERY HAPPY,PROTESTANT
2165,WORKING CLASS,YES,PRETTY HAPPY,PROTESTANT
2168,MIDDLE CLASS,NO,VERY HAPPY,CATHOLIC
2170,MIDDLE CLASS,NO,VERY HAPPY,NONE
2171,WORKING CLASS,NO,VERY HAPPY,CATHOLIC
2173,WORKING CLASS,NO,PRETTY HAPPY,NONE
2177,MIDDLE CLASS,NO,NOT TOO HAPPY,PROTESTANT
2178,LOWER CLASS,NO,PRETTY HAPPY,PROTESTANT
2179,WORKING CLASS,YES,VERY HAPPY,PROTESTANT
2180,WORKING CLASS,YES,PRETTY HAPPY,PROTESTANT
2182,MIDDLE CLASS,YES,PRETTY HAPPY,PROTESTANT
2183,MIDDLE CLASS,NO,PRETTY HAPPY,PROTESTANT
2185,LOWER CLASS,YES,VERY HAPPY,CATHOLIC
2187,MIDDLE CLASS,YES,PRETTY HAPPY,PROTESTANT
2188,WORKING CLASS,NO,PRETTY HAPPY,CATHOLIC
2189,MIDDLE CLASS,NO,PRETTY HAPPY,PROTESTANT
2190,WORKING CLASS,NO,VERY HAPPY,CATHOLIC
2191,MIDDLE CLASS,NO,VERY HAPPY,PROTESTANT
2196,MIDDLE CLASS,NO,VERY HAPPY,PROTESTANT
2202,LOWER CLASS,NO,VERY HAPPY,PROTESTANT
2204,WORKING CLASS,NO,PRETTY HAPPY,PROTESTANT
2205,MIDDLE CLASS,YES,NOT TOO HAPPY,CATHOLIC
2206,WORKING CLASS,YES,PRETTY HAPPY,PROTESTANT
2208,MIDDLE CLASS,NO,VERY HAPPY,PROTESTANT
2210,WORKING CLASS,NO,PRETTY HAPPY,NONE
2211,MIDDLE CLASS,YES,VERY HAPPY,PROTESTANT
2215,WORKING CLASS,NO,VERY HAPPY,PROTESTANT
2216,MIDDLE CLASS,NO,NOT TOO HAPPY,PROTESTANT
2218,WORKING CLASS,NO,PRETTY HAPPY,CATHOLIC
2222,WORKING CLASS,NO,PRETTY HAPPY,CATHOLIC
2224,WORKING CLASS,NO,PRETTY HAPPY,CATHOLIC
2226,MIDDLE CLASS,NO,VERY HAPPY,CATHOLIC
2229,WORKING CLASS,NO,PRETTY HAPPY,PROTESTANT
2230,WORKING CLASS,NO,VERY HAPPY,PROTESTANT
2236,WORKING CLASS,YES,NOT TOO HAPPY,PROTESTANT
2237,WORKING CLASS,YES,NOT TOO HAPPY,PROTESTANT
2239,WORKING CLASS,NO,VERY HAPPY,PROTESTANT
2240,LOWER CLASS,YES,NOT TOO HAPPY,PROTESTANT
2241,WORKING CLASS,NO,PRETTY HAPPY,PROTESTANT
2245,WORKING CLASS,NO,VERY HAPPY,PROTESTANT
2247,MIDDLE CLASS,YES,VERY HAPPY,PROTESTANT
2248,WORKING CLASS,NO,PRETTY HAPPY,NONE
2250,WORKING CLASS,NO,PRETTY HAPPY,PROTESTANT
2251,MIDDLE CLASS,NO,VERY HAPPY,CATHOLIC
2254,MIDDLE CLASS,NO,PRETTY HAPPY,PROTESTANT
2257,WORKING CLASS,YES,VERY HAPPY,PROTESTANT
2259,LOWER CLASS,NO,VERY HAPPY,NONE
2265,MIDDLE CLASS,NO,PRETTY HAPPY,PROTESTANT
2266,WORKING CLASS,NO,VERY HAPPY,PROTESTANT
2267,LOWER CLASS,NO,PRETTY HAPPY,PROTESTANT
2270,LOWER CLASS,NO,NOT TOO HAPPY,PROTESTANT
2271,WORKING CLASS,YES,VERY HAPPY,PROTESTANT
2272,WORKING CLASS,NO,PRETTY HAPPY,PROTESTANT
2273,WORKING CLASS,YES,NOT TOO HAPPY,PROTESTANT
2274,WORKING CLASS,YES,PRETTY HAPPY,PROTESTANT
2275,MIDDLE CLASS,NO,PRETTY HAPPY,PROTESTANT
2279,WORKING CLASS,NO,VERY HAPPY,PROTESTANT
2280,WORKING CLASS,NO,VERY HAPPY,PROTESTANT
2283,WORKING CLASS,YES,VERY HAPPY,PROTESTANT
2284,WORKING CLASS,YES,PRETTY HAPPY,PROTESTANT
2285,WORKING CLASS,NO,VERY HAPPY,PROTESTANT
2287,WORKING CLASS,YES,NOT TOO HAPPY,PROTESTANT
2293,MIDDLE CLASS,YES,VERY HAPPY,PROTESTANT
2299,WORKING CLASS,NO,VERY HAPPY,PROTESTANT
2300,LOWER CLASS,YES,VERY HAPPY,PROTESTANT
2301,WORKING CLASS,NO,PRETTY HAPPY,PROTESTANT
2305,WORKING CLASS,NO,PRETTY HAPPY,PROTESTANT
2306,LOWER CLASS,YES,PRETTY HAPPY,PROTESTANT
2310,MIDDLE CLASS,YES,PRETTY HAPPY,PROTESTANT
2312,MIDDLE CLASS,NO,VERY HAPPY,PROTESTANT
2315,UPPER CLASS,YES,VERY HAPPY,PROTESTANT
2316,MIDDLE CLASS,NO,VERY HAPPY,NONE
2317,MIDDLE CLASS,NO,PRETTY HAPPY,CATHOLIC
2319,LOWER CLASS,YES,PRETTY HAPPY,NONE
2321,MIDDLE CLASS,NO,PRETTY HAPPY,PROTESTANT
2322,MIDDLE CLASS,NO,PRETTY HAPPY,PROTESTANT
2323,WORKING CLASS,NO,PRETTY HAPPY,CATHOLIC
2324,WORKING CLASS,NO,PRETTY HAPPY,PROTESTANT
2325,MIDDLE CLASS,NO,VERY HAPPY,PROTESTANT
2328,MIDDLE CLASS,NO,PRETTY HAPPY,PROTESTANT
2330,MIDDLE CLASS,NO,PRETTY HAPPY,CHRISTIAN
2332,MIDDLE CLASS,NO,VERY HAPPY,PROTESTANT
2333,MIDDLE CLASS,NO,VERY HAPPY,PROTESTANT
2334,WORKING CLASS,NO,PRETTY HAPPY,CATHOLIC
2335,MIDDLE CLASS,NO,PRETTY HAPPY,CATHOLIC
2337,MIDDLE CLASS,YES,PRETTY HAPPY,NONE
2339,WORKING CLASS,YES,PRETTY HAPPY,OTHER
2344,WORKING CLASS,NO,PRETTY HAPPY,NONE
2345,MIDDLE CLASS,YES,VERY HAPPY,PROTESTANT
2346,MIDDLE CLASS,YES,VERY HAPPY,PROTESTANT
2347,WORKING CLASS,NO,VERY HAPPY,CATHOLIC
